{
  "totalStudents": 226,
  "timestamp": "2026-02-05T07:51:47.643Z",
  "platforms": {
    "leetcode": {
      "totalProblems": 51453,
      "avgProblems": 227.66814159292036,
      "topSolver": {
        "name": "MOHAMMED FAIZ Y",
        "problems": 729
      }
    },
    "github": {
      "totalRepos": 1441,
      "totalMergedPRs": 78,
      "avgRepos": 6.376106194690266,
      "avgMergedPRs": 0.34513274336283184
    },
    "codeforces": {
      "totalProblems": 4547,
      "avgProblems": 20.11946902654867
    },
    "atcoder": {
      "totalProblems": 4905,
      "avgProblems": 21.70353982300885
    }
  },
  "performance": {
    "avgProcessingTime": 689.7964601769911,
    "errors": 19
  }
}
