{
  "totalStudents": 226,
  "timestamp": "2026-02-05T05:37:12.550Z",
  "platforms": {
    "leetcode": {
      "totalProblems": 55375,
      "avgProblems": 245.02212389380531,
      "topSolver": {
        "name": "MOHAMMED FAIZ Y",
        "problems": 729
      }
    },
    "github": {
      "totalRepos": 1583,
      "totalMergedPRs": 82,
      "avgRepos": 7.004424778761062,
      "avgMergedPRs": 0.36283185840707965
    },
    "codeforces": {
      "totalProblems": 4694,
      "avgProblems": 20.76991150442478
    },
    "atcoder": {
      "totalProblems": 5115,
      "avgProblems": 22.63274336283186
    }
  },
  "performance": {
    "avgProcessingTime": 662.5796460176991,
    "errors": 0
  }
}
